<?xml version="1.0" encoding="UTF-8" ?>
<!DOCTYPE mapper
        PUBLIC "-//mybatis.org//DTD Mapper 3.0//EN"
        "http://mybatis.org/dtd/mybatis-3-mapper.dtd">
<mapper namespace="org.nonage.mapper.Sample1Mapper">

    <sql id="criteria">
        <trim prefix="(" suffix=") AND" prefixOverrides="OR" >
            <foreach collection="typeArr" item="type">
                <trim prefix="OR">
                    <choose>
                        <when test="type=='T'.toString()">
                            title like '%'||#{keyword}||'%'
                        </when>
                        <when test="type=='C'.toString()">
                            content like '%'||#{keyword}||'%'
                        </when>
                        <when test="type=='W'.toString()">
                            writer like '%'||#{keyword}||'%'
                        </when>
                    </choose>
                </trim>
            </foreach>
        </trim>
    </sql>

    <select id="get" resultType="org.nonage.domain.ProductVO">
        select * from product
    </select>

</mapper>